kaylaulva_shop@hotmail.com|Semogaberkah|kaylaulva_shop|3ul8HMA0
syenara13@outlook.com|Semogaberkah|piamandasari_shop|cy7P4Crx
uliprassshop533n@hotmail.com|Semogaberkah|uliprassshop|Signedolx8
rainanajsellertzwn@hotmail.com|Semogaberkah|rainanajseller|Signedolx8
RahmiMelani@hotmail.com|Semogaberkah|rahmimelanishop|oEvWTYjn
windana52@outlook.com|Semogaberkah|wilesseller|Berkah2019
ylquemall@hotmail.com|Semogaberkah|ylquemall|Berkah2019
yaqbitshop@hotmail.com|Semogaberkah|yaqbitshop|Berkah2019
ubnustore@hotmail.com|Semogaberkah|ubnustore|Berkah2019
prertyseller@hotmail.com|Semogaberkah|prertyseller|Berkah2019
makarawistorex5km@hotmail.com|Semogaberkah|makarawistore|semogaberkah
emaswaskshop6irh@hotmail.com|Semogaberkah|emaswaskshop|semogaberkah
zahrazulshopmayj@hotmail.com|Semogaberkah|zahrazulshop|semogaberkah
nalarsihstore206a@hotmail.com|Semogaberkah|nalarsihstore|semogaberkah
unjanijaseller6wc3@hotmail.com|Semogaberkah|unjanijaseller|semogaberkah
mursitawshopuba8@hotmail.com|Semogaberkah|mursitawshop|semogaberkah
kanilaksseller32l1@hotmail.com|Semogaberkah|kanilaksseller|semogaberkah
prakosawmallwame@hotmail.com|Semogaberkah|prakosawmall|semogaberkah
AlmiraPrasasta_shopZm@hotmail.com|Semogaberkah|almiraprasasta_shop|semogaberkah
opheliagshop8tus@hotmail.com|Semogaberkah|opheliagshop|semogaberkah
bakionoystoreul5w@hotmail.com|Semogaberkah|bakionoystore|semogaberkah
fmartatrendyczof@hotmail.com|Semogaberkah|fmartatrendy|semogaberkah
nlatiftrendyp8od12@hotmail.com|Semogaberkah|nlatiftrendy|semogaberkah
sginasmurahwq83@hotmail.com|Semogaberkah|sginasmurah|semogaberkah
ssyahrmalluk4h@hotmail.com|Semogaberkah|ssyahrmall|semogaberkah
kzelaymurahmgf9@hotmail.com|Semogaberkah|kzelaymurah|semogaberkah
hkarenshop9rtx@hotmail.com|Semogaberkah|hkarenshop|semogaberkah
gqueenseller4uvr@hotmail.com|Semogaberkah|gqueenseller|semogaberkah
lzeldamarkett5dy@hotmail.com|Semogaberkah|lzeldamarket|semogaberkah
xpuputcollectn9j3@hotmail.com|Semogaberkah|xpuputcollect|semogaberkah
qtirantrendy2puu@hotmail.com|Semogaberkah|qtirantrendy|semogaberkah
edirjamurahmp21@hotmail.com|Semogaberkah|edirjamurah|semogaberkah
djuliatokopv5g@hotmail.com|Semogaberkah|djuliatoko|semogaberkah
kcakratokof0u3@hotmail.com|Semogaberkah|kcakratoko|semogaberkah
xganepshoptpur@hotmail.com|Semogaberkah|xganepshop|semogaberkah
balamantsselleri52i@hotmail.com|Semogaberkah|balamantsseller|semogaberkah
damarsaeomarket4ive@hotmail.com|Semogaberkah|damarsaeomarket|semogaberkah
taminasyqtrendymvqy@hotmail.com|Semogaberkah|taminasyqtrendy|semogaberkah
farahmanwseller54o5@hotmail.com|Semogaberkah|farahmanwseller|semogaberkah
jamaliaprtrendyfsd3@hotmail.com|Semogaberkah|jamaliaprtrendy|semogaberkah
salwayulnshop9wq6@hotmail.com|Semogaberkah|salwayulnshop|semogaberkah
nrimamegostore0cj2@hotmail.com|Semogaberkah|nrimamegostore|semogaberkah
galangraetokoc003@hotmail.com|Semogaberkah|galangraetoko|semogaberkah
emaspranemallc1kq@hotmail.com|Semogaberkah|emaspranemall|semogaberkah
wulanangztrendydgxb@hotmail.com|Semogaberkah|wulanangztrendy|semogaberkah
zizifujistrendy99lu@hotmail.com|Semogaberkah|zizifujistrendy|semogaberkah
latifhanlshopbb3d@hotmail.com|Semogaberkah|latifhanlshop|semogaberkah
windawaciseller6adl@hotmail.com|Semogaberkah|windawaciseller|semogaberkah
kawacanunshopbmp0@hotmail.com|Semogaberkah|kawacanunshop|semogaberkah
slametprgtokojlgd@hotmail.com|Semogaberkah|slametprgtoko|semogaberkah
caturyulwmurahptn9@hotmail.com|Semogaberkah|caturyulwmurah|semogaberkah
nurulsurzmurahffea@hotmail.com|Semogaberkah|nurulsurzmurah|semogaberkah
kaylanurpseller8w7o@hotmail.com|Semogaberkah|kaylanurpseller|semogaberkah
keishamewmallivsd@hotmail.com|Semogaberkah|keishamewmall|semogaberkah
larasgunkseller7pai@hotmail.com|Semogaberkah|larasgunkseller|semogaberkah
citrawulimarketn18e@hotmail.com|Semogaberkah|citrawulimarket|semogaberkah
ediprasaymallpxh8@hotmail.com|Semogaberkah|ediprasaymall|Semogaberkah
ajenglakjcollecti7mo@hotmail.com|Semogaberkah|ajenglakjcollect|semogaberkah
dewipurnvcollects901@hotmail.com|Semogaberkah|dewipurnvcollect|semogaberkah
padmatamtsellerd1pq@hotmail.com|Semogaberkah|padmatamtseller|semogaberkah
agnesnabkcollecthwvk@hotmail.com|Semogaberkah|agnesnabkcollect|semogaberkah
jasmanibvmurahw558@hotmail.com|Semogaberkah|jasmanibvmurah|semogaberkah
imamprasastoreckei@hotmail.com|Semogaberkah|imamprasastore|semogaberkah
gandewahuseller22w0@hotmail.com|Semogaberkah|gandewahuseller|semogaberkah
hildaardjstoret446@hotmail.com|Semogaberkah|hildaardjstore|semogaberkah
ichapuspeshop999b@hotmail.com|Semogaberkah|ichapuspeshop|semogaberkah
lembahzuhtokohims@hotmail.com|Semogaberkah|lembahzuhtoko|semogaberkah
widyatharshop3r4l@hotmail.com|Semogaberkah|widyatharshop|semogaberkah
latikanonmallnee6@hotmail.com|Semogaberkah|latikanonmall|semogaberkah
maidahanmmurahpk8l@hotmail.com|Semogaberkah|maidahanmmurah|semogaberkah
slametusmtrendyrrjo@hotmail.com|Semogaberkah|slametusmtrendy|semogaberkah
najamnamaseller1eej@hotmail.com|Semogaberkah|najamnamaseller|semogaberkah
adikarahsmurah7pmb@hotmail.com|Semogaberkah|adikarahsmurah|semogaberkah
titiwahyomurah9gip@hotmail.com|Semogaberkah|titiwahyomurah|semogaberkah
chelseawushop3yig@hotmail.com|Semogaberkah|chelseawushop|semogaberkah
violetpezmarket57py@hotmail.com|Semogaberkah|violetpezmarket|semogaberkah
opankuswistorecxzr@hotmail.com|Semogaberkah|opankuswistore|semogaberkah
purwamegishopyqmu@hotmail.com|Semogaberkah|purwamegishop|semogaberkah
putriharucollectikgi@hotmail.com|Semogaberkah|putriharucollect|semogaberkah
lailahassmurahxk9f@hotmail.com|Semogaberkah|lailahassmurah|semogaberkah
ganjarantsellerxj82@hotmail.com|Semogaberkah|ganjarantseller|semogaberkah
waluyoslmarkets0fh@hotmail.com|Semogaberkah|waluyoslmarket|semogaberkah
mallory.joselyn@hotmail.com|Semogaberkah|lilifarah_shop|welcEX8u
cengkirsvsellereqwf@hotmail.com|Semogaberkah|cengkirsvseller|semogaberkah
yogauwstrendyvsjx@hotmail.com|Semogaberkah|yogauwstrendy|semogaberkah
alikawrmarketq7fx@hotmail.com|Semogaberkah|alikawrmarket|semogaberkah
ibuniswamall7dwq@hotmail.com|Semogaberkah|ibuniswamall|semogaberkah
Rycca_shop81UW@hotmail.com|Semogaberkah|rycca_shop81|berkah2019
Shalitta_shop83e0@hotmail.com|Semogaberkah|shalitta_shop83|berkah2019
PutriSinaga_trendyhq@hotmail.com|Semogaberkah|putrisinaga_trendy|semogaberkah
LalitaSudiati_sellerer@hotmail.com|Semogaberkah|lalitasudiati_seller|semogaberkah
ShaniaMegantara_trendyVr@hotmail.com|Semogaberkah|shaniamegantara_trendy|semogaberkah
SalimahSantoso_seller8p@hotmail.com|Semogaberkah|salimahsantoso_seller|semogaberkah
VeraSinaga_seller8F@hotmail.com|Semogaberkah|verasinaga_seller|semogaberkah
KeziaNasyiah_sellercS@hotmail.com|Semogaberkah|kezianasyiah_seller|semogaberkah
EliNatsir_collectionA0@hotmail.com|Semogaberkah|elinatsir_collection|semogaberkah
rasyahera_storebr@hotmail.com|Semogaberkah|rasyahera_store|semogaberkah
yoanadesty_mallkT@hotmail.com|Semogaberkah|yoanadesty_mall|semogaberkah
cintahelga_collectbj@hotmail.com|Semogaberkah|cintahelga_collect|semogaberkah
indyveyola_sellerdg@hotmail.com|Semogaberkah|indyveyola_seller|semogaberkah
agnesuli_shop@hotmail.com|Semogaberkah|agnesuli_shop|VID7lPtk
widyaharyanti_shop@hotmail.com|Semogaberkah|widyaharyanti_shop|BfB0vACx
mercypo17@outlook.com|Semogaberkah|elmanovitasari_shop|5xsDofJ5
sarahnatsirmallFH@hotmail.com|Semogaberkah|sarahnatsirmall|semogaberkah
lamarsantososhopLH@hotmail.com|Semogaberkah|lamarsantososhop|semogaberkah
lintangfirgaselleroh@hotmail.com|Semogaberkah|lintangfirgaseller|semogaberkah
martakaprayosellerqT@hotmail.com|Semogaberkah|martakaprayoseller|semogaberkah
vinonamagaselleraW@hotmail.com|Semogaberkah|vinonamagaseller|semogaberkah
yuliasv_murah@hotmail.com|Semogaberkah|yuliasv_murah|Semogaberkah
oliviae_store@hotmail.com|Semogaberkah|oliviae_store|Semogaberkah
ekayung_trendy@hotmail.com|Semogaberkah|ekayung_trendy|Semogaberkah
tantrh_trendy90el@hotmail.com|Semogaberkah|tantrh_trendy|semogaberkah
rudiss_trendynqef@hotmail.com|Semogaberkah|rudiss_trendy|semogaberkah
ekaseo_sellerovy5@hotmail.com|Semogaberkah|ekaseo_seller|semogaberkah
tinays_trendyfd6k@hotmail.com|Semogaberkah|tinays_trendy|semogaberkah
calist_collect1rmi@hotmail.com|Semogaberkah|calist_collect|semogaberkah
jindry_trendyryqj@hotmail.com|Semogaberkah|jindry_trendy|semogaberkah
tariyur_toko@hotmail.com|Semogaberkah|tariyur_toko|Semogaberkah
amaliaz_seller@hotmail.com|Semogaberkah|amaliaz_seller|Semogaberkah
hildawn_shop@hotmail.com|Semogaberkah|hildawn_shop|Semogaberkah
mulyop_collectbhhf@hotmail.com|Semogaberkah|mulyop_collect|semogaberkah
wozysaputshopozrs@hotmail.com|Semogaberkah|wozysaputshop|semogaberkah
umayaj_storepxht@hotmail.com|Semogaberkah|umayaj_store|semogaberkah
hasnar_seller4ror@hotmail.com|Semogaberkah|hasnar_seller|semogaberkah
cahyab_tokokwfv@hotmail.com|Semogaberkah|cahyab_toko|semogaberkah
zahrak_shop36aq@hotmail.com|Semogaberkah|zahrak_shop|semogaberkah
milaangf_murah@hotmail.com|Semogaberkah|milaangf_murah|Semogaberkah
hildazuy_murah@hotmail.com|Semogaberkah|hildazuy_murah|Semogaberkah
juliapae_mall@hotmail.com|Semogaberkah|juliapae_mall|Semogaberkah
oskarsaptrendygtnw@hotmail.com|Semogaberkah|oskarsaptrendy|semogaberkah
noviyulic_toko@hotmail.com|Semogaberkah|noviyulic_toko|Semogaberkah
aleksar_murah@hotmail.com|Semogaberkah|aleksar_murah|Semogaberkah
